{
  "profile": "rtp_96",
  "targetRtp": 0.96,
  "sharedBooks": [
    "books_base.jsonl.zst",
    "books_scatter_boost.jsonl.zst",
    "books_bonus.jsonl.zst"
  ],
  "modes": {
    "base": {
      "rows": 10000,
      "rtp": 0.9599999999860249,
      "hitRate": 0.28963785434270656,
      "maxPayoutMultiplier": 5000.0,
      "totalWeight": 1125899906835540,
      "targetRtp": 0.96,
      "absoluteError": 1.397504334477162e-11,
      "lookupSha256": "32fb35599e1147cdc74aca59fc74692dc06ef3a7e74381a4b045bf6303637f21"
    },
    "scatter_boost": {
      "rows": 10000,
      "rtp": 0.9599999999991929,
      "hitRate": 0.2899575738497754,
      "maxPayoutMultiplier": 5000.0,
      "totalWeight": 1125899906839843,
      "targetRtp": 0.96,
      "absoluteError": 8.070211166000263e-13,
      "lookupSha256": "e1e9e2093211911fbeabe0796764c6c6c621486e491c6780840cf615b651b2ef"
    },
    "bonus": {
      "rows": 10000,
      "rtp": 0.9600000000040935,
      "hitRate": 0.9987534890107659,
      "maxPayoutMultiplier": 5000.0,
      "totalWeight": 1125899906837009,
      "targetRtp": 0.96,
      "absoluteError": 4.093503314095415e-12,
      "lookupSha256": "f503c07cddd8d8b9541f1d27f392903c007ac7a0b9705833745425059bca737e"
    }
  }
}