{
  "profile": "rtp_93",
  "targetRtp": 0.93,
  "sharedBooks": [
    "books_base.jsonl.zst",
    "books_scatter_boost.jsonl.zst",
    "books_bonus.jsonl.zst"
  ],
  "modes": {
    "base": {
      "rows": 10000,
      "rtp": 0.9299999999853389,
      "hitRate": 0.2896378543428151,
      "maxPayoutMultiplier": 5000.0,
      "totalWeight": 1125899906835712,
      "targetRtp": 0.93,
      "absoluteError": 1.4661161173989967e-11,
      "lookupSha256": "841f94b14412bff14c63ad1a8d56e0c2e276067baf39ea60ecc3b22369207086"
    },
    "scatter_boost": {
      "rows": 10000,
      "rtp": 0.9299999999993455,
      "hitRate": 0.28995757384975207,
      "maxPayoutMultiplier": 5000.0,
      "totalWeight": 1125899906839806,
      "targetRtp": 0.93,
      "absoluteError": 6.545874953189923e-13,
      "lookupSha256": "291700653b1bfc77f71feaab8fcefb54a5318210193570402f2884e1fdc8346f"
    },
    "bonus": {
      "rows": 10000,
      "rtp": 0.9300000000030465,
      "hitRate": 0.9980716574568806,
      "maxPayoutMultiplier": 5000.0,
      "totalWeight": 1125899906838063,
      "targetRtp": 0.93,
      "absoluteError": 3.0464519795714295e-12,
      "lookupSha256": "e3e5f9abad87bf736aaad3f32774247766c319c52b2837c885b8ebef914b1e33"
    }
  }
}