{
  "generatedAt": "2026-06-28T18:39:21.251855+00:00",
  "activeProfile": "rtp_97",
  "profiles": [
    {
      "profile": "rtp_92",
      "targetRtp": 0.92,
      "sharedBooks": [
        "books_base.jsonl.zst",
        "books_scatter_boost.jsonl.zst",
        "books_bonus.jsonl.zst"
      ],
      "modes": {
        "base": {
          "rows": 10000,
          "rtp": 0.9199999999855428,
          "hitRate": 0.28963785434296774,
          "maxPayoutMultiplier": 5000.0,
          "totalWeight": 1125899906835954,
          "targetRtp": 0.92,
          "absoluteError": 1.4457213204366326e-11,
          "lookupSha256": "853f36f7c567a19872e8b2ffc6314764884a067bb1d78c7e3d529d8875026d23"
        },
        "scatter_boost": {
          "rows": 10000,
          "rtp": 0.9199999999988316,
          "hitRate": 0.2899575738498548,
          "maxPayoutMultiplier": 5000.0,
          "totalWeight": 1125899906839969,
          "targetRtp": 0.92,
          "absoluteError": 1.1683987111155147e-12,
          "lookupSha256": "feaf276f30b30d22905728f26a658550d28c86d2c4d0473224c2f0e0b7f5285e"
        },
        "bonus": {
          "rows": 10000,
          "rtp": 0.9200000000031491,
          "hitRate": 0.9972366428110488,
          "maxPayoutMultiplier": 5000.0,
          "totalWeight": 1125899906837898,
          "targetRtp": 0.92,
          "absoluteError": 3.149036587046794e-12,
          "lookupSha256": "93ad7f0969176fc4a14e003c1034d693f50322cc4bffdee6f05c1f977ce72c0e"
        }
      }
    },
    {
      "profile": "rtp_93",
      "targetRtp": 0.93,
      "sharedBooks": [
        "books_base.jsonl.zst",
        "books_scatter_boost.jsonl.zst",
        "books_bonus.jsonl.zst"
      ],
      "modes": {
        "base": {
          "rows": 10000,
          "rtp": 0.9299999999853389,
          "hitRate": 0.2896378543428151,
          "maxPayoutMultiplier": 5000.0,
          "totalWeight": 1125899906835712,
          "targetRtp": 0.93,
          "absoluteError": 1.4661161173989967e-11,
          "lookupSha256": "841f94b14412bff14c63ad1a8d56e0c2e276067baf39ea60ecc3b22369207086"
        },
        "scatter_boost": {
          "rows": 10000,
          "rtp": 0.9299999999993455,
          "hitRate": 0.28995757384975207,
          "maxPayoutMultiplier": 5000.0,
          "totalWeight": 1125899906839806,
          "targetRtp": 0.93,
          "absoluteError": 6.545874953189923e-13,
          "lookupSha256": "291700653b1bfc77f71feaab8fcefb54a5318210193570402f2884e1fdc8346f"
        },
        "bonus": {
          "rows": 10000,
          "rtp": 0.9300000000030465,
          "hitRate": 0.9980716574568806,
          "maxPayoutMultiplier": 5000.0,
          "totalWeight": 1125899906838063,
          "targetRtp": 0.93,
          "absoluteError": 3.0464519795714295e-12,
          "lookupSha256": "e3e5f9abad87bf736aaad3f32774247766c319c52b2837c885b8ebef914b1e33"
        }
      }
    },
    {
      "profile": "rtp_94",
      "targetRtp": 0.94,
      "sharedBooks": [
        "books_base.jsonl.zst",
        "books_scatter_boost.jsonl.zst",
        "books_bonus.jsonl.zst"
      ],
      "modes": {
        "base": {
          "rows": 10000,
          "rtp": 0.9399999999848634,
          "hitRate": 0.2896378543428592,
          "maxPayoutMultiplier": 5000.0,
          "totalWeight": 1125899906835782,
          "targetRtp": 0.94,
          "absoluteError": 1.513655867313446e-11,
          "lookupSha256": "f0a76976f512dd6d81da3f8d4d0d0d0502115ff05fd0a7bdde9810f82cf54f9a"
        },
        "scatter_boost": {
          "rows": 10000,
          "rtp": 0.9399999999992951,
          "hitRate": 0.28995757384971294,
          "maxPayoutMultiplier": 5000.0,
          "totalWeight": 1125899906839744,
          "targetRtp": 0.94,
          "absoluteError": 7.048805983345119e-13,
          "lookupSha256": "ba51e9efe11e6ff0cc67680a8a46b752f8ed86119944e6a77488a7f50bee10af"
        },
        "bonus": {
          "rows": 10000,
          "rtp": 0.9400000000034607,
          "hitRate": 0.9984482179952325,
          "maxPayoutMultiplier": 5000.0,
          "totalWeight": 1125899906837657,
          "targetRtp": 0.94,
          "absoluteError": 3.460787212361538e-12,
          "lookupSha256": "bfa8a49c12da0333f7603e8753d7143be628ec0cd66a433fc10649819d7beade"
        }
      }
    },
    {
      "profile": "rtp_95",
      "targetRtp": 0.95,
      "sharedBooks": [
        "books_base.jsonl.zst",
        "books_scatter_boost.jsonl.zst",
        "books_bonus.jsonl.zst"
      ],
      "modes": {
        "base": {
          "rows": 10000,
          "rtp": 0.9499999999850773,
          "hitRate": 0.28963785434277534,
          "maxPayoutMultiplier": 5000.0,
          "totalWeight": 1125899906835649,
          "targetRtp": 0.95,
          "absoluteError": 1.492261869628919e-11,
          "lookupSha256": "46170de35b7fc952cd0ab52557d258681f4f9e62566280f76ce5a343bdb7b2b7"
        },
        "scatter_boost": {
          "rows": 10000,
          "rtp": 0.9499999999994956,
          "hitRate": 0.28995757384973125,
          "maxPayoutMultiplier": 5000.0,
          "totalWeight": 1125899906839773,
          "targetRtp": 0.95,
          "absoluteError": 5.043743200872086e-13,
          "lookupSha256": "322ecc1f4c43810b4b943bd1ad6d506bc733caf41ca98b88f2644fa223d19dae"
        },
        "bonus": {
          "rows": 10000,
          "rtp": 0.9500000000022749,
          "hitRate": 0.9981956576211527,
          "maxPayoutMultiplier": 5000.0,
          "totalWeight": 1125899906839117,
          "targetRtp": 0.95,
          "absoluteError": 2.2749579997594083e-12,
          "lookupSha256": "8b487dbadb69e78e417eb5669a417d586f24becd4b6c9563224b7a075a8b39f9"
        }
      }
    },
    {
      "profile": "rtp_96",
      "targetRtp": 0.96,
      "sharedBooks": [
        "books_base.jsonl.zst",
        "books_scatter_boost.jsonl.zst",
        "books_bonus.jsonl.zst"
      ],
      "modes": {
        "base": {
          "rows": 10000,
          "rtp": 0.9599999999860249,
          "hitRate": 0.28963785434270656,
          "maxPayoutMultiplier": 5000.0,
          "totalWeight": 1125899906835540,
          "targetRtp": 0.96,
          "absoluteError": 1.397504334477162e-11,
          "lookupSha256": "32fb35599e1147cdc74aca59fc74692dc06ef3a7e74381a4b045bf6303637f21"
        },
        "scatter_boost": {
          "rows": 10000,
          "rtp": 0.9599999999991929,
          "hitRate": 0.2899575738497754,
          "maxPayoutMultiplier": 5000.0,
          "totalWeight": 1125899906839843,
          "targetRtp": 0.96,
          "absoluteError": 8.070211166000263e-13,
          "lookupSha256": "e1e9e2093211911fbeabe0796764c6c6c621486e491c6780840cf615b651b2ef"
        },
        "bonus": {
          "rows": 10000,
          "rtp": 0.9600000000040935,
          "hitRate": 0.9987534890107659,
          "maxPayoutMultiplier": 5000.0,
          "totalWeight": 1125899906837009,
          "targetRtp": 0.96,
          "absoluteError": 4.093503314095415e-12,
          "lookupSha256": "f503c07cddd8d8b9541f1d27f392903c007ac7a0b9705833745425059bca737e"
        }
      }
    },
    {
      "profile": "rtp_97",
      "targetRtp": 0.97,
      "sharedBooks": [
        "books_base.jsonl.zst",
        "books_scatter_boost.jsonl.zst",
        "books_bonus.jsonl.zst"
      ],
      "modes": {
        "base": {
          "rows": 10000,
          "rtp": 0.9699999999861258,
          "hitRate": 0.2896378543427135,
          "maxPayoutMultiplier": 5000.0,
          "totalWeight": 1125899906835551,
          "targetRtp": 0.97,
          "absoluteError": 1.3874124071833194e-11,
          "lookupSha256": "5dcf8ffed7c8b37030109247efd6edc3d29d3fe6d23cd77ab92b11700b9a464f"
        },
        "scatter_boost": {
          "rows": 10000,
          "rtp": 0.9699999999991117,
          "hitRate": 0.2899575738496606,
          "maxPayoutMultiplier": 5000.0,
          "totalWeight": 1125899906839661,
          "targetRtp": 0.97,