{
  "generatedAt": "2026-06-24T13:37:06.710790+00:00",
  "activeProfile": "rtp_97",
  "profiles": [
    {
      "profile": "rtp_92",
      "targetRtp": 0.92,
      "sharedBooks": [
        "books_base.jsonl.zst",
        "books_scatter_boost.jsonl.zst",
        "books_bonus.jsonl.zst"
      ],
      "modes": {
        "base": {
          "rows": 10000,
          "rtp": 0.91999999998549,
          "hitRate": 0.2896378543426592,
          "maxPayoutMultiplier": 5000.0,
          "totalWeight": 1125899906835465,
          "targetRtp": 0.92,
          "absoluteError": 1.4510059820338483e-11,
          "lookupSha256": "0296c951b6051b2888145bc1ea6b1d4a80e1b2653238e5d201e77c38c4269546"
        },
        "scatter_boost": {
          "rows": 10000,
          "rtp": 0.9199999999989479,
          "hitRate": 0.2899575738498599,
          "maxPayoutMultiplier": 5000.0,
          "totalWeight": 1125899906839977,
          "targetRtp": 0.92,
          "absoluteError": 1.0521583604372609e-12,
          "lookupSha256": "29e8a9f7b21ecb4559b5fc8f8150697441eff12a86cdc6c681a663b362e848e6"
        },
        "bonus": {
          "rows": 10000,
          "rtp": 0.9200000000026465,
          "hitRate": 0.9983139106659752,
          "maxPayoutMultiplier": 5000.0,
          "totalWeight": 1125899906838568,
          "targetRtp": 0.92,
          "absoluteError": 2.6464386237989856e-12,
          "lookupSha256": "31da548e9341cff815eb0455f6c6e5f74b78a15761ba8c6dcce607afcefddb27"
        }
      }
    },
    {
      "profile": "rtp_93",
      "targetRtp": 0.93,
      "sharedBooks": [
        "books_base.jsonl.zst",
        "books_scatter_boost.jsonl.zst",
        "books_bonus.jsonl.zst"
      ],
      "modes": {
        "base": {
          "rows": 10000,
          "rtp": 0.9299999999857494,
          "hitRate": 0.2896378543427463,
          "maxPayoutMultiplier": 5000.0,
          "totalWeight": 1125899906835603,
          "targetRtp": 0.93,
          "absoluteError": 1.4250600699483584e-11,
          "lookupSha256": "7e81ac0cc751ad0688551c3d96e82f1002e4951959433ac32be66f23637f55d8"
        },
        "scatter_boost": {
          "rows": 10000,
          "rtp": 0.929999999999206,
          "hitRate": 0.2899575738499217,
          "maxPayoutMultiplier": 5000.0,
          "totalWeight": 1125899906840075,
          "targetRtp": 0.93,
          "absoluteError": 7.94031507211912e-13,
          "lookupSha256": "32b84b7597c82658a040ac5448d946f49ba42457f38a0d612ee3132a6b4968fa"
        },
        "bonus": {
          "rows": 10000,
          "rtp": 0.9300000000045219,
          "hitRate": 0.9983776995085802,
          "maxPayoutMultiplier": 5000.0,
          "totalWeight": 1125899906836330,
          "targetRtp": 0.93,
          "absoluteError": 4.5218273569958e-12,
          "lookupSha256": "279ee6cd916a4abc1fc9cbd03a9241daafc39b4e0737111124544e2e1de23e63"
        }
      }
    },
    {
      "profile": "rtp_94",
      "targetRtp": 0.94,
      "sharedBooks": [
        "books_base.jsonl.zst",
        "books_scatter_boost.jsonl.zst",
        "books_bonus.jsonl.zst"
      ],
      "modes": {
        "base": {
          "rows": 10000,
          "rtp": 0.9399999999854949,
          "hitRate": 0.2896378543427936,
          "maxPayoutMultiplier": 5000.0,
          "totalWeight": 1125899906835678,
          "targetRtp": 0.94,
          "absoluteError": 1.450506381672767e-11,
          "lookupSha256": "5c8d85508bd851864534753a872224077b0eb8cb7d1e8316c77e2ca58a6a30c6"
        },
        "scatter_boost": {
          "rows": 10000,
          "rtp": 0.9399999999992145,
          "hitRate": 0.2899575738497861,
          "maxPayoutMultiplier": 5000.0,
          "totalWeight": 1125899906839860,
          "targetRtp": 0.94,
          "absoluteError": 7.854827899222983e-13,
          "lookupSha256": "33abc136058b8e14da91a7d8b9b11b088c464f7910b28d06d5be92e4b18e64e3"
        },
        "bonus": {
          "rows": 10000,
          "rtp": 0.9400000000031963,
          "hitRate": 0.9973064545395806,
          "maxPayoutMultiplier": 5000.0,
          "totalWeight": 1125899906837939,
          "targetRtp": 0.94,
          "absoluteError": 3.1963320878958257e-12,
          "lookupSha256": "da667eb4f54f131baaf23de5955bd926c3c90769c136e9b77b7d73b57398985a"
        }
      }
    },
    {
      "profile": "rtp_95",
      "targetRtp": 0.95,
      "sharedBooks": [
        "books_base.jsonl.zst",
        "books_scatter_boost.jsonl.zst",
        "books_bonus.jsonl.zst"
      ],
      "modes": {
        "base": {
          "rows": 10000,
          "rtp": 0.94999999998575,
          "hitRate": 0.2896378543429482,
          "maxPayoutMultiplier": 5000.0,
          "totalWeight": 1125899906835923,
          "targetRtp": 0.95,
          "absoluteError": 1.424993456566881e-11,
          "lookupSha256": "84d270ead72ca3c3cb818088bd3932a6a2b245c198a748007b921abdb2b4c7e9"
        },
        "scatter_boost": {
          "rows": 10000,
          "rtp": 0.9499999999989414,
          "hitRate": 0.2899575738498523,
          "maxPayoutMultiplier": 5000.0,
          "totalWeight": 1125899906839965,
          "targetRtp": 0.95,
          "absoluteError": 1.0585976539800868e-12,
          "lookupSha256": "20dee5d764e1b105f3241190933a455e8cd38b6b938677aa1c1a6fed68d85980"
        },
        "bonus": {
          "rows": 10000,
          "rtp": 0.9500000000026242,
          "hitRate": 0.9984751157965537,
          "maxPayoutMultiplier": 5000.0,
          "totalWeight": 1125899906838695,
          "targetRtp": 0.95,
          "absoluteError": 2.6242341633064825e-12,
          "lookupSha256": "40da21dc7c9b3689187b0229f7baa68f3676424955ac408e380a2b3ec7c92092"
        }
      }
    },
    {
      "profile": "rtp_96",
      "targetRtp": 0.96,
      "sharedBooks": [
        "books_base.jsonl.zst",
        "books_scatter_boost.jsonl.zst",
        "books_bonus.jsonl.zst"
      ],
      "modes": {
        "base": {
          "rows": 10000,
          "rtp": 0.959999999985726,
          "hitRate": 0.2896378543428485,
          "maxPayoutMultiplier": 5000.0,
          "totalWeight": 1125899906835765,
          "targetRtp": 0.96,
          "absoluteError": 1.4273915383000713e-11,
          "lookupSha256": "c1384a0ff447bd1b2db5fae769b2199a5ea171adbddc0517134ba12f494d8ea1"
        },
        "scatter_boost": {
          "rows": 10000,
          "rtp": 0.9599999999989531,
          "hitRate": 0.2899575738498807,
          "maxPayoutMultiplier": 5000.0,
          "totalWeight": 1125899906840010,
          "targetRtp": 0.96,
          "absoluteError": 1.0468292899190601e-12,
          "lookupSha256": "67757c25fc214d9d8e5b472c9ddc431c56d919bc70cd1ba1024c4439cfe1b84d"
        },
        "bonus": {
          "rows": 10000,
          "rtp": 0.9600000000050818,
          "hitRate": 0.9981181169484642,
          "maxPayoutMultiplier": 5000.0,
          "totalWeight": 1125899906835811,
          "targetRtp": 0.96,
          "absoluteError": 5.081823850616729e-12,
          "lookupSha256": "e92c2e5b7ec28ceea442ce6676d8200d2c056e199367b73644edc29ec6a075c4"
        }
      }
    },
    {
      "profile": "rtp_97",
      "targetRtp": 0.97,
      "sharedBooks": [
        "books_base.jsonl.zst",
        "books_scatter_boost.jsonl.zst",
        "books_bonus.jsonl.zst"
      ],
      "modes": {
        "base": {
          "rows": 10000,
          "rtp": 0.9699999999848186,
          "hitRate": 0.2896378543427923,
          "maxPayoutMultiplier": 5000.0,
          "totalWeight": 1125899906835676,
          "targetRtp": 0.97,
          "absoluteError": 1.5181411683329316e-11,
          "lookupSha256": "e198fbe4fd1ca7fda8c518db4cff704107d92674afcccf04fe9fcf63d654165d"
        },
        "scatter_boost": {
          "rows": 10000,
          "rtp": 0.9699999999994682,
          "hitRate": 0.28995757384975707,
          "maxPayoutMultiplier": 5000.0,
          "totalWeight": 1125899906839814,
          "targetRtp": 0.97,
          "absoluteError": 5.3179682879545e-13,