{
  "profile": "rtp_92",
  "targetRtp": 0.92,
  "sharedBooks": [
    "books_base.jsonl.zst",
    "books_scatter_boost.jsonl.zst",
    "books_bonus.jsonl.zst"
  ],
  "modes": {
    "base": {
      "rows": 10000,
      "rtp": 0.9199999999855428,
      "hitRate": 0.28963785434296774,
      "maxPayoutMultiplier": 5000.0,
      "totalWeight": 1125899906835954,
      "targetRtp": 0.92,
      "absoluteError": 1.4457213204366326e-11,
      "lookupSha256": "853f36f7c567a19872e8b2ffc6314764884a067bb1d78c7e3d529d8875026d23"
    },
    "scatter_boost": {
      "rows": 10000,
      "rtp": 0.9199999999988316,
      "hitRate": 0.2899575738498548,
      "maxPayoutMultiplier": 5000.0,
      "totalWeight": 1125899906839969,
      "targetRtp": 0.92,
      "absoluteError": 1.1683987111155147e-12,
      "lookupSha256": "feaf276f30b30d22905728f26a658550d28c86d2c4d0473224c2f0e0b7f5285e"
    },
    "bonus": {
      "rows": 10000,
      "rtp": 0.9200000000031491,
      "hitRate": 0.9972366428110488,
      "maxPayoutMultiplier": 5000.0,
      "totalWeight": 1125899906837898,
      "targetRtp": 0.92,
      "absoluteError": 3.149036587046794e-12,
      "lookupSha256": "93ad7f0969176fc4a14e003c1034d693f50322cc4bffdee6f05c1f977ce72c0e"
    }
  }
}