{
  "profile": "rtp_97",
  "targetRtp": 0.97,
  "sharedBooks": [
    "books_base.jsonl.zst",
    "books_scatter_boost.jsonl.zst",
    "books_bonus.jsonl.zst"
  ],
  "modes": {
    "base": {
      "rows": 10000,
      "rtp": 0.9699999999861258,
      "hitRate": 0.2896378543427135,
      "maxPayoutMultiplier": 5000.0,
      "totalWeight": 1125899906835551,
      "targetRtp": 0.97,
      "absoluteError": 1.3874124071833194e-11,
      "lookupSha256": "5dcf8ffed7c8b37030109247efd6edc3d29d3fe6d23cd77ab92b11700b9a464f"
    },
    "scatter_boost": {
      "rows": 10000,
      "rtp": 0.9699999999991117,
      "hitRate": 0.2899575738496606,
      "maxPayoutMultiplier": 5000.0,
      "totalWeight": 1125899906839661,
      "targetRtp": 0.97,
      "absoluteError": 8.882894420025877e-13,
      "lookupSha256": "ccb2c768d0ce8338b26ea163f3e0d73c90a202e3e289850ce378f9840b565e2d"
    },
    "bonus": {
      "rows": 10000,
      "rtp": 0.9700000000036004,
      "hitRate": 0.9982353632777798,
      "maxPayoutMultiplier": 5000.0,
      "totalWeight": 1125899906837699,
      "targetRtp": 0.97,
      "absoluteError": 3.6004532688593827e-12,
      "lookupSha256": "88c1615d53f5d22fbffeb70789fa9d50a8dfc7fc7f1dc51ccace8ba9de6c3d3d"
    }
  }
}