{
  "profile": "rtp_95",
  "targetRtp": 0.95,
  "sharedBooks": [
    "books_base.jsonl.zst",
    "books_scatter_boost.jsonl.zst",
    "books_bonus.jsonl.zst"
  ],
  "modes": {
    "base": {
      "rows": 10000,
      "rtp": 0.9499999999850773,
      "hitRate": 0.28963785434277534,
      "maxPayoutMultiplier": 5000.0,
      "totalWeight": 1125899906835649,
      "targetRtp": 0.95,
      "absoluteError": 1.492261869628919e-11,
      "lookupSha256": "46170de35b7fc952cd0ab52557d258681f4f9e62566280f76ce5a343bdb7b2b7"
    },
    "scatter_boost": {
      "rows": 10000,
      "rtp": 0.9499999999994956,
      "hitRate": 0.28995757384973125,
      "maxPayoutMultiplier": 5000.0,
      "totalWeight": 1125899906839773,
      "targetRtp": 0.95,
      "absoluteError": 5.043743200872086e-13,
      "lookupSha256": "322ecc1f4c43810b4b943bd1ad6d506bc733caf41ca98b88f2644fa223d19dae"
    },
    "bonus": {
      "rows": 10000,
      "rtp": 0.9500000000022749,
      "hitRate": 0.9981956576211527,
      "maxPayoutMultiplier": 5000.0,
      "totalWeight": 1125899906839117,
      "targetRtp": 0.95,
      "absoluteError": 2.2749579997594083e-12,
      "lookupSha256": "8b487dbadb69e78e417eb5669a417d586f24becd4b6c9563224b7a075a8b39f9"
    }
  }
}