{
  "profile": "rtp_94",
  "targetRtp": 0.94,
  "sharedBooks": [
    "books_base.jsonl.zst",
    "books_scatter_boost.jsonl.zst",
    "books_bonus.jsonl.zst"
  ],
  "modes": {
    "base": {
      "rows": 10000,
      "rtp": 0.9399999999848634,
      "hitRate": 0.2896378543428592,
      "maxPayoutMultiplier": 5000.0,
      "totalWeight": 1125899906835782,
      "targetRtp": 0.94,
      "absoluteError": 1.513655867313446e-11,
      "lookupSha256": "f0a76976f512dd6d81da3f8d4d0d0d0502115ff05fd0a7bdde9810f82cf54f9a"
    },
    "scatter_boost": {
      "rows": 10000,
      "rtp": 0.9399999999992951,
      "hitRate": 0.28995757384971294,
      "maxPayoutMultiplier": 5000.0,
      "totalWeight": 1125899906839744,
      "targetRtp": 0.94,
      "absoluteError": 7.048805983345119e-13,
      "lookupSha256": "ba51e9efe11e6ff0cc67680a8a46b752f8ed86119944e6a77488a7f50bee10af"
    },
    "bonus": {
      "rows": 10000,
      "rtp": 0.9400000000034607,
      "hitRate": 0.9984482179952325,
      "maxPayoutMultiplier": 5000.0,
      "totalWeight": 1125899906837657,
      "targetRtp": 0.94,
      "absoluteError": 3.460787212361538e-12,
      "lookupSha256": "bfa8a49c12da0333f7603e8753d7143be628ec0cd66a433fc10649819d7beade"
    }
  }
}